Close,Open,High,Low,Date,Volume,Daily return,Mean of daily returns,Daily return daviations,Square of deviations,Varianca of daily returns,Daily votality,Price Movement,Target
113.64,109.11,114.59,107.52,04/01/2023,180388976,5.124884366,0.24,-4.88,23.8397599,11.55110212,3.398691236,4.15177344,1
110.34,110.51,111.75,107.16,05/01/2023,157986324,-2.903907075,0.23,3.13,9.820513593,11.51983327,3.394087988,-0.153832232,0
113.06,103,114.39,101.81,06/01/2023,220911051,2.465107848,0.24,-2.23,4.960645874,11.52416827,3.394726538,9.766990291,1
119.77,118.96,123.52,117.11,09/01/2023,190283951,5.934901822,0.23,-5.7,32.52125503,11.54095477,3.397198077,0.680901143,1
118.85,121.07,122.76,114.92,10/01/2023,167642485,-0.768138933,0.22,0.99,0.971559802,11.48715913,3.38927118,-1.833649955,0
123.22,122.09,125.95,120.51,11/01/2023,183810771,3.67690366,0.22,-3.46,11.94968323,11.51419152,3.393256772,0.925546728,1
123.56,122.56,124.13,117,12/01/2023,169400913,0.275929232,0.21,-0.06,0.004194676,11.51306912,3.393091381,0.815926893,1
122.4,116.55,122.63,115.6,13/01/2023,180714119,-0.938815151,0.21,1.15,1.322064669,11.54280781,3.397470796,5.019305019,1
131.49,125.7,131.7,125.02,17/01/2023,186476985,7.426470588,0.21,-7.21,52.02010208,11.56928642,3.401365376,4.606205251,1
128.78,136.56,136.68,127.01,18/01/2023,195680318,-2.060993231,0.2,2.26,5.090591045,11.46421937,3.385885315,-5.697129467,0
127.17,127.26,129.99,124.31,19/01/2023,170291880,-1.25019413,0.2,1.45,2.106301662,11.48081736,3.388335485,-0.070721358,0
133.42,128.68,133.51,127.35,20/01/2023,138858136,4.914681135,0.2,-4.71,22.18198636,11.5052939,3.391945445,3.683556108,1
143.75,135.87,145.38,134.27,23/01/2023,203119211,7.742467396,0.19,-7.55,57.00085613,11.47734444,3.387822965,5.799661441,1
143.89,143,146.5,141.1,24/01/2023,158699056,0.097391304,0.17,0.08,0.005680482,11.35786016,3.370142454,0.622377622,1
144.43,141.91,146.41,138.07,25/01/2023,192734347,0.375286677,0.17,-0.2,0.040936645,11.38773432,3.374571724,1.775773377,1
160.27,159.97,161.42,154.76,26/01/2023,234815090,10.96725057,0.17,-10.79,116.5282641,11.4176731,3.37900475,0.187535163,1
177.9,162.43,180.68,161.17,27/01/2023,306590613,11.00018718,0.14,-10.86,117.8596873,11.13960275,3.337604343,9.52410269,1
166.66,178.05,179.77,166.5,30/01/2023,230878807,-6.318156268,0.12,6.43,41.38640564,10.8565256,3.294924218,-6.397079472,0
173.22,164.57,174.3,162.78,31/01/2023,196813541,3.936157446,0.13,-3.8,14.4702439,10.77532911,3.282579643,5.256122015,1
181.41,173.89,183.81,169.93,01/02/2023,213806323,4.728091444,0.12,-4.61,21.21574558,10.76547601,3.281078483,4.324573006,1
188.27,187.33,196.75,182.61,02/02/2023,217448287,3.781489444,0.11,-3.67,13.48188738,10.73753411,3.276817681,0.501788288,1
189.98,183.95,199,183.69,03/02/2023,232662023,0.908270038,0.1,-0.81,0.65349997,10.7301766,3.275694826,3.278064691,1
194.76,193.01,198.17,189.92,06/02/2023,186188131,2.516054322,0.1,-2.42,5.84842076,10.75726444,3.279826891,0.906688773,1
196.81,196.43,197.5,189.55,07/02/2023,186010325,1.052577531,0.09,-0.96,0.924275559,10.77049582,3.281843357,0.193453139,1
201.29,196.1,203,194.31,08/02/2023,180673644,2.276307098,0.09,-2.19,4.786120703,10.79710723,3.285895194,2.646608873,1
207.32,207.78,214,204.77,09/02/2023,215431442,2.995677878,0.08,-2.91,8.4856855,10.81339716,3.288373027,-0.221388007,0
196.89,202.23,206.2,192.89,10/02/2023,204754129,-5.030870152,0.07,5.11,26.06727612,10.81972247,3.289334654,-2.640557781,0
194.64,194.42,196.3,187.61,13/02/2023,172475452,-1.142770075,0.09,1.23,1.516404798,10.778176,3.28301325,0.113157083,1
209.25,191.94,209.82,189.44,14/02/2023,216455708,7.506165228,0.09,-7.41,54.96957375,10.80348138,3.286864978,9.018443264,1
214.24,211.76,214.66,206.11,15/02/2023,182108581,2.384707288,0.07,-2.31,5.349976665,10.68247839,3.268406093,1.171137136,1
202.04,210.78,217.65,201.84,16/02/2023,229586538,-5.69454817,0.07,5.76,33.17644111,10.69712812,3.270646438,-4.146503463,0
208.31,199.99,208.44,197.5,17/02/2023,213738549,3.103345872,0.08,-3.02,9.13325251,10.63520164,3.261165687,4.16020801,1
197.37,204.99,209.71,197.22,21/02/2023,180018588,-5.2517882,0.07,5.32,28.35198819,10.63935067,3.261801752,-3.7172545,0
200.86,197.93,201.99,191.78,22/02/2023,191828457,1.768252521,0.09,-1.68,2.824525497,10.59028519,3.254271838,1.480321326,1
202.07,203.91,205.14,196.33,23/02/2023,146359950,0.602409639,0.08,-0.52,0.269836625,10.61185675,3.257584496,-0.902358884,0
196.88,196.33,197.67,192.8,24/02/2023,142228105,-2.568416885,0.08,2.65,7.022084246,10.6406646,3.262003158,0.28014058,1
207.63,202.03,209.42,201.26,27/02/2023,161028315,5.460178789,0.09,-5.37,28.85056402,10.65077237,3.263552109,2.771865565,1
205.71,210.59,211.23,203.75,28/02/2023,153144912,-0.924721861,0.07,1,0.99716794,10.59979256,3.255732262,-2.317299017,0
202.77,206.21,207.2,198.52,01/03/2023,156852790,-1.429196442,0.08,1.51,2.267622034,10.62676623,3.259872118,-1.668202318,0
190.9,186.74,193.75,186.01,02/03/2023,181979154,-5.853923164,0.08,5.93,35.2222207,10.65031311,3.263481747,2.227696262,1
197.79,194.8,200.48,192.88,03/03/2023,154193277,3.609219487,0.1,-3.51,12.33095845,10.58090094,3.252829682,1.534907598,1
193.81,198.54,198.6,192.3,06/03/2023,128100106,-2.012235199,0.09,2.1,4.409834163,10.57594327,3.252067538,-2.382391458,0
187.71,191.38,194.2,186.1,07/03/2023,148125790,-3.147412414,0.09,3.24,10.50475207,10.59346063,3.254759688,-1.917650747,0
182,185.04,186.5,180,08/03/2023,151897763,-3.041926376,0.1,3.14,9.890090337,10.59371336,3.254798513,-1.642888024,0
172.92,180.25,185.18,172.51,09/03/2023,170023794,-4.989010989,0.11,5.1,26.01939815,10.59572371,3.255107327,-4.066574202,0
173.44,175.13,178.29,168.44,10/03/2023,191488872,0.300717095,0.13,-0.17,0.03034249,10.5515298,3.248311839,-0.96499743,0
174.48,167.46,177.35,163.91,13/03/2023,167790256,0.599630996,0.13,-0.47,0.224302084,10.5817631,3.252962203,4.192045862,1
183.26,177.31,183.8,177.14,14/03/2023,143717897,5.032095369,0.12,-4.91,24.08291474,10.61161169,3.257546882,3.355704698,1
180.45,180.8,182.34,176.03,15/03/2023,145995583,-1.533340609,0.11,1.64,2.702137623,10.57267729,3.251565359,-0.193584071,0
184.13,180.37,185.81,178.84,16/03/2023,121374453,2.039346079,0.12,-1.92,3.70217619,10.59549044,3.255071496,2.08460387,1
180.13,184.52,186.22,177.33,17/03/2023,133197140,-2.172378211,0.11,2.28,5.207647083,10.61552915,3.258148116,-2.379145892,0
183.25,178.08,186.44,176.35,20/03/2023,129684359,1.732082385,0.12,-1.62,2.610746585,10.63129557,3.260566756,2.903189578,1
197.58,188.28,198,188.04,21/03/2023,153391444,7.819918145,0.11,-7.71,59.41851715,10.65474747,3.264161066,4.93945188,1
191.15,199.3,200.66,190.95,22/03/2023,150376373,-3.254377973,0.09,3.34,11.17799097,10.51174521,3.242182168,-4.089312594,0
192.22,195.26,199.31,188.65,23/03/2023,144193876,0.559769814,0.1,-0.46,0.212487941,10.50978566,3.241879958,-1.556898494,0
190.41,191.65,192.36,187.15,24/03/2023,116531584,-0.941629383,0.1,1.04,1.079677433,10.54016117,3.246561438,-0.647012784,0
191.81,194.42,197.39,189.94,27/03/2023,120851587,0.735255501,0.1,-0.63,0.402889053,10.56815077,3.250869233,-1.34245448,0
189.19,192,192.35,185.43,28/03/2023,98654635,-1.36593504,0.1,1.46,2.144970071,10.59831475,3.255505299,-1.463541667,0
193.88,193.13,195.29,189.44,29/03/2023,123660026,2.478989376,0.1,-2.38,5.645347192,10.62347351,3.259367042,0.38833946,1
195.28,195.58,197.33,194.42,30/03/2023,110252238,0.722096142,0.1,-0.63,0.392117953,10.63833359,3.261645841,-0.153389917,0
207.46,197.53,207.79,197.2,31/03/2023,170222118,6.23719787,0.09,-6.14,37.73853496,10.66901089,3.266345188,5.027084493,1
194.77,199.91,202.69,192.2,03/04/2023,169545900,-6.116841801,0.08,6.19,38.34608939,10.58772102,3.253877844,-2.571157021,0
192.58,197.32,198.74,190.32,04/04/2023,126463845,-1.124403142,0.09,1.22,1.485071622,10.50411148,3.241004702,-2.402189337,0
185.52,190.52,190.68,183.76,05/04/2023,133882493,-3.666008931,0.1,3.76,14.16711344,10.53135933,3.245205592,-2.624396389,0
185.06,183.08,186.39,179.74,06/04/2023,123857932,-0.247951703,0.11,0.36,0.127642719,10.5203419,3.243507653,1.081494429,1
184.51,179.94,185.1,176.11,10/04/2023,142154637,-0.297200908,0.11,0.41,0.166142934,10.55193065,3.248373539,2.539735467,1
186.79,186.69,189.19,185.65,11/04/2023,115770892,1.235705382,0.11,-1.12,1.26350468,10.58359464,3.25324371,0.053564733,1
180.54,190.74,191.58,180.31,12/04/2023,150256278,-3.346003533,0.11,3.45,11.93159567,10.61209644,3.257621286,-5.347593583,0
185.9,182.96,186.5,180.94,13/04/2023,112932985,2.968871164,0.12,-2.85,8.122869125,10.6080489,3.256999984,1.606908614,1
185,183.95,186.28,182.01,14/04/2023,96438664,-0.484131253,0.11,0.59,0.353035885,10.6156956,3.258173661,0.570807285,1
187.04,186.32,189.69,182.69,17/04/2023,116662189,1.102702703,0.11,-0.99,0.981747802,10.64737048,3.263030873,0.386431945,1
184.31,187.15,187.69,183.58,18/04/2023,92067016,-1.459580838,0.11,1.57,2.459828611,10.67729501,3.267613044,-1.517499332,0
180.59,179.1,183.5,177.65,19/04/2023,125732687,-2.018338669,0.11,2.13,4.545478001,10.70281509,3.271515718,0.831937465,1
162.99,166.17,169.7,160.56,20/04/2023,210970819,-9.745833103,0.12,9.87,97.34089377,10.72199683,3.274446033,-1.913702834,0
165.08,164.8,166,161.32,21/04/2023,123538954,1.282287257,0.15,-1.13,1.279477161,10.45131277,3.232849018,0.169902913,1
162.55,164.65,165.65,158.61,24/04/2023,140006559,-1.532590259,0.15,1.68,2.823044692,10.48006461,3.23729279,-1.275432736,0
160.67,159.82,163.47,158.75,25/04/2023,121999312,-1.15656721,0.15,1.31,1.714665679,10.50414329,3.241009609,0.531848329,1
153.75,160.29,160.67,153.14,26/04/2023,153364142,-4.306964586,0.16,4.46,19.92712258,10.53187035,3.245284324,-4.08010481,0
160.19,152.64,160.48,152.37,27/04/2023,127015177,4.188617886,0.17,-4.02,16.1401084,10.50213854,3.240700316,4.946278826,1
164.31,160.9,165,157.32,28/04/2023,122515812,2.571945814,0.16,-2.41,5.825258329,10.48424022,3.237937649,2.119328776,1
161.83,163.17,163.28,158.83,01/05/2023,109015048,-1.509342097,0.15,1.66,2.755746844,10.49907774,3.240228038,-0.821229393,0
160.31,161.88,165.49,158.93,02/05/2023,128259744,-0.939257245,0.16,1.1,1.199601112,10.52381682,3.244043282,-0.969854213,0
160.61,160.01,165,159.91,03/05/2023,119727972,0.187137421,0.16,-0.03,0.000762929,10.55370212,3.248646199,0.374976564,1
161.2,162.71,162.95,159.65,04/05/2023,95108492,0.36734948,0.16,-0.21,0.043231578,10.5876344,3.253864534,-0.928031467,0
170.06,163.97,170.79,163.51,05/05/2023,107607259,5.496277916,0.16,-5.34,28.48913256,10.62164861,3.259087082,3.714094042,1
171.79,173.72,173.8,169.19,08/05/2023,112249449,1.017288016,0.14,-0.88,0.767034102,10.56382503,3.250203845,-1.110983191,0
169.15,168.95,169.82,166.56,09/05/2023,88965043,-1.536759998,0.14,1.68,2.806964021,10.5956328,3.255093362,0.118378218,1
168.54,172.55,174.43,166.68,10/05/2023,119840693,-0.360626663,0.14,0.5,0.254745966,10.62100305,3.258988041,-2.323964068,0
172.08,168.7,173.57,166.79,11/05/2023,103889930,2.100391598,0.15,-1.95,3.820637796,10.65487971,3.264181323,2.003556609,1
167.98,176.07,177.38,167.23,12/05/2023,157849625,-2.382612738,0.14,2.52,6.360234222,10.67728706,3.267611828,-4.594763446,0
166.35,167.66,169.76,164.55,15/05/2023,105592510,-0.970353614,0.15,1.12,1.249895479,10.69148789,3.269784074,-0.781343195,0
166.52,165.65,169.52,164.35,16/05/2023,98288792,0.102194169,0.15,0.05,0.002413677,10.72264826,3.274545505,0.525203743,1
173.86,168.41,174.5,167.19,17/05/2023,125473558,4.407878933,0.15,-4.26,18.11688049,10.75814573,3.279961239,3.236149872,1
176.89,174.22,177.06,172.45,18/05/2023,109520332,1.742781548,0.14,-1.61,2.577425877,10.7336981,3.276232303,1.532545058,1
180.14,177.17,181.95,176.31,19/05/2023,136196668,1.837300017,0.13,-1.71,2.908069489,10.76088568,3.280378893,1.676356042,1
188.87,180.7,189.32,180.11,22/05/2023,132001430,4.846230709,0.13,-4.72,22.27783674,10.78714928,3.284379588,4.521306032,1
185.77,186.2,192.96,185.26,23/05/2023,156952130,-1.641340605,0.11,1.75,3.068776108,10.74858992,3.278504221,-0.230934479,0
182.9,182.23,184.22,178.22,24/05/2023,137605054,-1.544921139,0.12,1.66,2.759821604,10.77444788,3.282445412,0.367667234,1
184.47,186.54,186.78,180.58,25/05/2023,96870719,0.858392564,0.12,-0.74,0.542329469,10.80152432,3.286567255,-1.10968157,0
193.17,184.62,198.6,184.53,26/05/2023,162061496,4.716214019,0.12,-4.6,21.13009262,10.83630126,3.291853772,4.631134222,1
201.16,200.1,204.48,197.53,30/05/2023,128818746,4.136253041,0.1,-4.03,16.26042935,10.80128836,3.286531357,0.529735132,1
203.93,199.78,203.95,195.12,31/05/2023,150711736,1.377013323,0.09,-1.29,1.656227647,10.78265648,3.283695552,2.077285014,1
207.52,202.59,209.8,199.37,01/06/2023,148029931,1.760407983,0.09,-1.67,2.804777814,10.81391137,3.288451212,2.433486352,1
213.97,210.15,217.25,209.75,02/06/2023,164398372,3.108134156,0.08,-3.03,9.170167284,10.84143417,3.292633318,1.817749227,1
217.61,217.8,221.29,214.52,05/06/2023,151143052,1.701173062,0.07,-1.63,2.662475826,10.84719716,3.293508336,-0.087235996,0
221.31,216.14,221.91,212.53,06/06/2023,146911576,1.700289509,0.06,-1.64,2.678040543,10.87551799,3.297805026,2.391968169,1
224.57,228,230.83,223.2,07/06/2023,185710777,1.473046857,0.06,-1.41,2.001974619,10.90398146,3.302117723,-1.504385965,0
234.86,224.22,235.23,223.01,08/06/2023,164489739,4.582090217,0.05,-4.53,20.51079833,10.9349989,3.306810987,4.745339399,1
244.4,249.07,252.42,242.02,09/06/2023,200242371,4.06199438,0.04,-4.02,16.19760086,10.90151708,3.301744552,-1.874974907,0
249.83,247.94,250.97,244.59,12/06/2023,150740523,2.221767594,0.02,-2.2,4.833485864,10.88293433,3.298929271,0.762281197,1
258.71,253.51,259.68,251.34,13/06/2023,162384343,3.554417004,0.02,-3.54,12.52388179,10.90423521,3.302156146,2.051201136,1
256.79,260.17,261.57,250.5,14/06/2023,170575536,-0.742143713,0,0.75,0.555242629,10.89851208,3.301289457,-1.299150555,0
255.9,248.4,258.95,247.29,15/06/2023,160171238,-0.346586705,0.01,0.35,0.124066959,10.93519034,3.306839932,3.019323671,1
260.54,258.92,263.6,257.21,16/06/2023,167915649,1.813208284,0.01,-1.81,3.262756168,10.97366409,3.312652123,0.625675884,1
274.45,261.5,274.75,261.12,20/06/2023,165611217,5.338911492,0,-5.34,28.49920228,11.00120304,3.316806151,4.952198853,1
259.46,275.13,276.99,257.78,21/06/2023,211797109,-5.461832756,-0.02,5.44,29.62783353,10.9384862,3.307338235,-5.695489405,0
264.61,250.77,265,248.25,22/06/2023,166875944,1.984891698,0,-1.98,3.936252982,10.87125833,3.29715913,5.519001475,1
256.6,259.29,262.45,252.8,23/06/2023,177460803,-3.027096482,-0.01,3.02,9.125392672,10.89629445,3.300953567,-1.037448417,0
241.05,250.07,258.37,240.7,26/06/2023,179990552,-6.060015588,0,6.06,36.7804723,10.90271076,3.301925312,-3.606990043,0
250.21,243.24,250.39,240.85,27/06/2023,164968214,3.800041485,0.03,-3.77,14.23789126,10.80860981,3.287645025,2.865482651,1
256.24,249.7,259.88,248.89,28/06/2023,159770797,2.40997562,0.01,-2.4,5.74569714,10.79609419,3.285741041,2.619142972,1
257.5,258.03,260.74,253.61,29/06/2023,131283360,0.491726506,0,-0.49,0.237704572,10.81459381,3.288554973,-0.205402473,0
261.77,260.6,264.45,259.89,30/06/2023,112620784,1.658252427,0,-1.66,2.741898637,10.85347943,3.294461933,0.448963929,1
279.82,276.49,284.25,275.11,03/07/2023,119685891,6.895366161,0,-6.9,47.59746889,10.88341146,3.299001586,1.204383522,1
282.48,278.82,283.85,277.6,05/07/2023,131530862,0.950611107,-0.03,-0.98,0.960182505,10.74743347,3.278327847,1.312674844,1
276.54,278.09,279.97,272.88,06/07/2023,120707419,-2.102803738,-0.03,2.07,4.284416083,10.78381731,3.283872303,-0.557373512,0
274.43,278.43,280.78,273.77,07/07/2023,113879174,-0.762999928,-0.03,0.74,0.544352887,10.8080688,3.287562745,-1.4366268,0
269.61,276.47,277.52,265.1,10/07/2023,119425405,-1.756367744,-0.02,1.73,3.006526648,10.84650969,3.293403966,-2.481281875,0
269.79,268.65,270.9,266.37,11/07/2023,91972358,0.066763102,-0.02,-0.08,0.006835723,10.87598331,3.297875575,0.424343942,1
271.99,276.33,276.52,271.46,12/07/2023,95672139,0.815449053,-0.02,-0.83,0.691685597,10.91699896,3.304088219,-1.570585894,0
277.9,274.59,279.45,270.6,13/07/2023,112681458,2.172874003,-0.02,-2.19,4.805967152,10.95573121,3.30994429,1.205433555,1
281.38,277.01,285.3,276.31,14/07/2023,120062369,1.25224901,-0.03,-1.28,1.638303188,10.97911434,3.313474662,1.577560377,1
290.38,286.63,292.23,283.57,17/07/2023,131569593,3.198521572,-0.03,-3.23,10.44013707,11.01476629,3.318850146,1.308306876,1
293.34,290.15,295.26,286.01,18/07/2023,112434713,1.01935395,-0.04,-1.06,1.132803126,11.01696793,3.319181817,1.099431329,1
291.26,296.04,299.29,289.52,19/07/2023,142355353,-0.709074794,-0.05,0.66,0.435603847,11.05498395,3.324903601,-1.614646669,0
262.9,279.56,280.93,261.2,20/07/2023,175158273,-9.737004738,-0.05,9.69,93.90542458,11.09598542,3.331063707,-5.959364716,0
260.02,268,268,255.8,21/07/2023,161796073,-1.095473564,-0.01,1.09,1.180503899,10.7750186,3.282532346,-2.97761194,0
269.06,255.85,269.85,254.12,24/07/2023,137005037,3.476655642,0,-3.48,12.12008732,10.81235134,3.288214005,5.163181552,1
265.28,272.38,272.9,265,25/07/2023,112757327,-1.404891102,-0.02,1.39,1.922537487,10.807243,3.287437148,-2.606652471,0
264.35,263.25,268.04,261.75,26/07/2023,95856177,-0.350572979,-0.01,0.34,0.11402463,10.84208498,3.292732146,0.417853751,1
255.71,268.31,269.13,255.3,27/07/2023,103697263,-3.268394174,-0.01,3.26,10.60691532,10.88432144,3.2991395,-4.696060527,0
266.44,259.86,267.25,258.23,28/07/2023,111446026,4.196159712,0,-4.19,17.5968093,10.88541791,3.299305671,2.532132687,1
267.43,267.48,269.08,263.78,31/07/2023,84582172,0.371565831,-0.02,-0.39,0.149697389,10.8587854,3.295267122,-0.018692986,0
261.07,266.26,266.47,260.25,01/08/2023,83645720,-2.378192424,-0.02,2.36,5.575781717,10.90145109,3.301734558,-1.949222564,0
254.11,255.57,259.52,250.49,02/08/2023,101752865,-2.66595166,-0.01,2.66,7.067695604,10.92275377,3.304958966,-0.571272059,0
259.32,252.04,260.49,252,03/08/2023,97829545,2.05029318,0,-2.05,4.190431234,10.93823593,3.307300399,2.888430408,1
253.86,260.97,264.77,253.11,04/08/2023,99539907,-2.10550671,-0.01,2.1,4.412063939,10.96544482,3.311411303,-2.724451086,0
251.45,251.45,253.65,242.76,07/08/2023,111097943,-0.949342157,0,0.95,0.907886567,10.99197673,3.315415016,0,0
249.7,247.45,250.92,245.01,08/08/2023,96642183,-0.695963412,0.01,0.7,0.494666574,11.03296896,3.32159133,0.909274601,1
242.19,250.87,251.1,241.9,09/08/2023,101596324,-3.007609131,0.01,3.02,9.107369148,11.07598244,3.328059862,-3.459959341,0
245.34,245.4,251.8,243,10/08/2023,109498608,1.300631735,0.02,-1.28,1.633362877,11.08405053,3.329271772,-0.024449878,0
242.65,241.77,243.79,238.02,11/08/2023,99038642,-1.096437597,0.02,1.11,1.240503854,11.12294225,3.335107532,0.363982297,1
239.76,235.7,240.66,233.75,14/08/2023,98595331,-1.191015866,0.02,1.21,1.471271354,11.16377877,3.341224143,1.722528638,1
232.96,238.73,240.5,232.61,15/08/2023,88197599,-2.836169503,0.03,2.86,8.197607387,11.20399664,3.347237166,-2.416956394,0
225.6,228.02,233.97,225.38,16/08/2023,112484520,-3.159340659,0.04,3.2,10.22878609,11.21652327,3.349107831,-1.061310411,0
219.22,226.06,226.74,218.83,17/08/2023,120718417,-2.828014184,0.05,2.88,8.296143414,11.22065606,3.349724773,-3.025745377,0
215.49,214.12,217.58,212.36,18/08/2023,136276584,-1.701487091,0.06,1.77,3.118323975,11.23294393,3.351558432,0.639828134,1
231.28,221.55,232.13,220.58,21/08/2023,135702671,7.327486194,0.07,-7.26,52.64437923,11.26718283,3.356662454,4.39178515,1
233.19,240.25,240.82,229.55,22/08/2023,130597886,0.82583881,0.04,-0.78,0.615819251,11.09185572,3.330443773,-2.938605619,0
236.86,229.34,238.98,229.29,23/08/2023,101077635,1.57382392,0.04,-1.54,2.359498617,11.1364346,3.337129695,3.278974448,1
230.04,238.66,238.92,228.18,24/08/2023,99777432,-2.879338006,0.03,2.91,8.471194119,11.17394288,3.342744812,-3.611832733,0
238.59,231.31,239,230.35,25/08/2023,106612231,3.716744914,0.04,-3.67,13.49136815,11.18554266,3.34447943,3.147291514,1
238.82,242.58,244.38,235.35,28/08/2023,107673727,0.096399681,0.03,-0.07,0.00469865,11.17560375,3.342993233,-1.550004122,0
257.18,238.58,257.48,237.77,29/08/2023,134047603,7.687798342,0.03,-7.66,58.67930906,11.22396265,3.350218299,7.796127085,1
256.9,254.2,260.51,250.59,30/08/2023,121988437,-0.108873163,-0.01,0.1,0.01063456,11.01763506,3.319282311,1.062155783,1
258.08,255.98,261.18,255.05,31/08/2023,108861698,0.459322694,-0.01,-0.46,0.215873167,11.06570056,3.326514777,0.820376592,1
245.01,257.26,259.08,242.01,01/09/2023,132541640,-5.064321141,-0.01,5.06,25.57309213,11.11328752,3.333659779,-4.761719661,0
256.49,245,258,244.86,05/09/2023,129469565,4.68552304,0.01,-4.67,21.81433833,11.04958794,3.324092048,4.689795918,1
251.92,255.14,255.39,245.06,06/09/2023,116959759,-1.781745877,-0.01,1.78,3.154248453,11.00195631,3.316919701,-1.262052207,0
251.49,245.07,252.81,243.27,07/09/2023,115312886,-0.170689108,0,0.17,0.029879561,11.03683501,3.322173236,2.619659689,1
248.5,251.22,256.52,246.67,08/09/2023,118559635,-1.188914072,0,1.19,1.420515242,11.0859732,3.329560512,-1.082716344,0
273.58,264.27,274.85,260.61,11/09/2023,174667852,10.09255533,0.01,-10.08,101.692523,11.12931606,3.336062958,3.522912173,1
267.48,270.76,278.39,266.6,12/09/2023,135999866,-2.229695153,-0.04,2.19,4.807296429,10.72137369,3.27435088,-1.211404934,0
271.3,270.07,274.98,268.1,13/09/2023,111673737,1.42814416,-0.03,-1.46,2.118082856,10.74813422,3.278434721,0.455437479,1
276.04,271.32,276.71,270.42,14/09/2023,107709842,1.747143384,-0.03,-1.78,3.171882604,10.78736172,3.28441193,1.739643226,1
274.39,277.55,278.98,271,15/09/2023,133692313,-0.597739458,-0.04,0.56,0.308883106,10.8221356,3.289701446,-1.138533598,0
265.28,271.16,271.44,263.76,18/09/2023,101543305,-3.32009184,-0.04,3.28,10.76282405,10.87036153,3.297023132,-2.168461425,0
266.5,264.35,267.85,261.2,19/09/2023,103704040,0.459891435,-0.02,-0.48,0.234440568,10.8708571,3.297098284,0.81331568,1
262.59,267.04,273.93,262.46,20/09/2023,122514643,-1.467166979,-0.03,1.44,2.075403731,10.92009976,3.304557423,-1.666417016,0
255.7,257.85,260.86,254.21,21/09/2023,119951516,-2.623862295,-0.02,2.6,6.780930897,10.96123789,3.310776025,-0.833818111,0
244.88,257.4,257.79,244.48,22/09/2023,127524083,-4.231521314,-0.01,4.22,17.84090382,10.98077203,3.313724797,-4.864024864,0
246.99,243.38,247.1,238.31,25/09/2023,104636557,0.861646521,0.01,-0.85,0.721630113,10.94856484,3.308861562,1.48327718,1
244.12,242.98,249.55,241.66,26/09/2023,101993631,-1.161990364,0.01,1.17,1.369231639,10.9968051,3.316143106,0.469174418,1
240.5,244.26,245.33,234.58,27/09/2023,136597184,-1.482877273,0.01,1.5,2.239734702,11.04243341,3.32301571,-1.539343323,0
246.38,240.02,247.55,238.65,28/09/2023,117058870,2.444906445,0.02,-2.42,5.876177672,11.08435102,3.3293169,2.649779185,1
250.22,250,254.77,246.35,29/09/2023,128522729,1.558568066,0.01,-1.55,2.400463592,11.10927051,3.333057232,0.088,1
251.6,244.81,254.28,242.62,02/10/2023,123810402,0.551514667,0,-0.55,0.302212221,11.15113977,3.339332235,2.773579511,1
246.53,248.61,250.02,244.45,03/10/2023,101985305,-2.015103339,0,2.01,4.057098098,11.20355005,3.347170455,-0.836651784,0
261.16,248.14,261.86,247.6,04/10/2023,129721567,5.934369042,0.01,-5.93,35.11120243,11.23824157,3.352348664,5.247037962,1
260.05,260,263.6,256.25,05/10/2023,119159214,-0.425026803,-0.02,0.41,0.164041573,11.1217881,3.334934497,0.019230769,1
260.53,253.98,261.65,250.65,06/10/2023,118121812,0.184579888,-0.02,-0.2,0.041047099,11.17550254,3.342978095,2.578943224,1
259.67,255.31,261.36,252.05,09/10/2023,101377947,-0.330096342,-0.02,0.31,0.096769124,11.23035208,3.351171747,1.70772786,1
263.62,257.75,268.94,257.65,10/10/2023,122656030,1.521161474,-0.02,-1.54,2.367414494,11.28546882,3.359385185,2.277400582,1
262.99,266.2,268.6,260.9,11/10/2023,103706266,-0.238980351,-0.03,0.21,0.045730295,11.32983725,3.365982361,-1.205860255,0
258.87,262.92,265.41,256.63,12/10/2023,111508114,-1.56659949,-0.02,1.54,2.379413608,11.38625779,3.374352944,-1.540392515,0
251.12,258.9,259.6,250.22,13/10/2023,102296786,-2.993780662,-0.02,2.98,8.865312133,11.43151831,3.381052841,-3.005021244,0
253.92,250.05,255.4,248.48,16/10/2023,88917176,1.115004779,0,-1.12,1.246081762,11.44447895,3.382968955,1.547690462,1
254.85,250.1,257.18,247.08,17/10/2023,93562909,0.366257089,-0.01,-0.37,0.139277517,11.49624746,3.390611665,1.899240304,1
242.68,252.7,254.63,242.08,18/10/2023,125147846,-4.775358054,-0.01,4.77,22.71963697,11.55419119,3.399145655,-3.965176098,0
220.11,225.95,230.61,216.78,19/10/2023,170772713,-9.30031317,0.02,9.32,86.78619406,11.49693249,3.390712682,-2.58464262,0
211.99,217.01,218.86,210.42,20/10/2023,138010095,-3.689064559,0.06,3.75,14.08262481,11.10884351,3.332993176,-2.313257454,0
212.08,210,216.98,202.51,23/10/2023,150683368,0.042454833,0.08,0.04,0.001648921,11.09343532,3.330680909,0.99047619,1
216.52,216.5,222.05,214.11,24/10/2023,118231113,2.093549604,0.08,-2.01,4.041211081,11.15120504,3.339342007,0.009237875,1
212.42,215.88,220.1,212.2,25/10/2023,107065087,-1.893589507,0.07,1.97,3.866484085,11.18843014,3.344911081,-1.602742264,0
205.76,211.32,214.8,204.88,26/10/2023,115112635,-3.135297995,0.08,3.22,10.35806875,11.2269667,3.350666605,-2.631080825,0
207.3,210.6,212.41,205.77,27/10/2023,94881173,0.74844479,0.1,-0.65,0.420317357,11.23156404,3.351352569,-1.566951567,0
197.36,209.28,210.88,194.67,30/10/2023,136448167,-4.794983116,0.1,4.89,23.92834276,11.28907067,3.35992123,-5.695718654,0
200.84,196.12,202.8,194.07,31/10/2023,118068273,1.763275233,0.12,-1.64,2.691040785,11.22148098,3.349847904,2.406689782,1
205.66,204.04,205.99,197.85,01/11/2023,121661656,2.399920335,0.11,-2.29,5.225356512,11.26734356,3.356686397,0.793961968,1
218.51,212.97,219.2,211.45,02/11/2023,125987621,6.248176602,0.1,-6.15,37.77966357,11.30000295,3.361547702,2.601305348,1
219.96,221.15,226.37,218.4,03/11/2023,119534790,0.663585191,0.07,-0.6,0.354417744,11.15609176,3.340073615,-0.538096315,0
219.27,223.98,226.32,215,06/11/2023,117335820,-0.313693399,0.07,0.38,0.143410263,11.2151173,3.348897923,-2.102866327,0
222.18,219.98,223.12,215.72,07/11/2023,116900130,1.327130934,0.07,-1.26,1.587721249,11.27595085,3.357968262,1.000090917,1
222.11,223.15,224.15,217.64,08/11/2023,106584841,-0.031505986,0.06,0.09,0.008395547,11.32947698,3.365928844,-0.466054224,0
209.98,219.75,220.8,206.68,09/11/2023,142110454,-5.461257935,0.06,5.52,30.49124934,11.39237188,3.375258787,-4.44596132,0
214.65,210.03,215.38,205.69,10/11/2023,131310128,2.224021335,0.09,-2.13,4.547737638,11.28567424,3.359415759,2.199685759,1
223.71,215.6,225.4,211.61,13/11/2023,140447569,4.220824598,0.08,-4.14,17.15058409,11.32352782,3.365044995,3.761595547,1
237.41,235.03,238.14,230.72,14/11/2023,149771642,6.123999821,0.06,-6.07,36.81939724,11.29060659,3.360149787,1.012636685,1
242.84,239.29,246.7,236.45,15/11/2023,150353975,2.287182511,0.02,-2.27,5.132754427,11.14555665,3.338496165,1.483555518,1
233.59,239.49,240.88,230.96,16/11/2023,136816819,-3.809092407,0.01,3.82,14.5753721,11.17991552,3.343638066,-2.463568416,0
234.3,232,237.39,226.54,17/11/2023,142766234,0.303951368,0.03,-0.27,0.074710381,11.1604014,3.340718695,0.99137931,1
235.6,234.04,237.1,231.02,20/11/2023,116562402,0.554844217,0.03,-0.53,0.276470688,11.22448054,3.35029559,0.666552726,1
241.2,235.04,243.62,233.34,21/11/2023,122288000,2.376910017,0.03,-2.35,5.526860604,11.28813176,3.359781504,2.620830497,1
234.21,242.04,244.01,231.4,22/11/2023,118117078,-2.89800995,0.01,2.91,8.469521581,11.3218234,3.364791732,-3.235002479,0
235.45,233.75,238.75,232.33,24/11/2023,65125203,0.529439392,0.03,-0.5,0.250086018,11.33860165,3.367284016,0.727272727,1
236.08,236.89,238.33,232.1,27/11/2023,112031763,0.267572733,0.03,-0.24,0.05816704,11.40421417,3.37701261,-0.341930854,0
246.72,236.68,247,234.01,28/11/2023,148549913,4.506946798,0.02,-4.48,20.08821725,11.47175016,3.386997219,4.242014534,1
244.14,249.21,252.75,242.76,29/11/2023,135401335,-1.045719844,0,1.04,1.089602569,11.42015455,3.379371916,-2.034428795,0
240.08,245.14,245.22,236.91,30/11/2023,132353196,-1.662980257,0,1.67,2.780185765,11.48238679,3.38856707,-2.064126622,0
238.83,233.14,240.19,231.9,01/12/2023,121331709,-0.52065978,0.01,0.54,0.286411014,11.5351274,3.396340295,2.440593635,1
235.58,235.75,239.37,233.29,04/12/2023,104099817,-1.360800569,0.02,1.38,1.900476918,11.60371714,3.406422924,-0.072110286,0
238.72,233.87,246.66,233.7,05/12/2023,137971115,1.33288055,0.03,-1.31,1.707323053,11.66324622,3.415149516,2.073801685,1
239.37,242.92,246.57,239.17,06/12/2023,126436179,0.272285523,0.02,-0.25,0.064575151,11.72470253,3.424135297,-1.461386465,0
242.64,241.55,244.08,236.98,07/12/2023,107142262,1.366085976,0.02,-1.35,1.821137372,11.79712568,3.434694409,0.451252329,1
243.84,240.27,245.27,239.27,08/12/2023,103126829,0.494559842,0.01,-0.49,0.236588306,11.85947561,3.443758936,1.485828443,1
239.74,242.74,243.44,237.45,11/12/2023,97913888,-1.681430446,0.01,1.69,2.844375706,11.93257553,3.454356023,-1.235890253,0
237.01,238.55,238.99,233.87,12/12/2023,95328313,-1.138733628,0.02,1.15,1.33288206,11.99009578,3.46267177,-0.645566967,0
239.29,234.19,240.3,228.2,13/12/2023,146286348,0.961984726,0.02,-0.94,0.881457544,12.05797613,3.472459665,2.177718946,1
251.05,241.22,253.88,240.79,14/12/2023,160829239,4.914538844,0.02,-4.9,23.98484169,12.12962048,3.482760468,4.075118149,1
253.5,251.21,254.13,248.3,15/12/2023,135932762,0.975901215,-0.01,-0.99,0.980874056,12.05313518,3.471762546,0.911587914,1
252.08,253.78,258.74,251.36,18/12/2023,116416490,-0.560157791,-0.02,0.54,0.290776581,12.12503298,3.482101805,-0.669871542,0
257.22,253.48,258.34,253.01,19/12/2023,106737369,2.039035227,-0.02,-2.06,4.228910748,12.20238106,3.49319067,1.475461575,1
247.14,256.41,259.84,247,20/12/2023,125096987,-3.918824353,-0.03,3.89,15.11575761,12.2548381,3.500691089,-3.615303615,0
254.5,251.9,254.8,248.55,21/12/2023,109594227,2.978069111,-0.01,-2.98,8.899762191,12.23589161,3.497983936,1.032155617,1
252.54,256.76,258.22,251.37,22/12/2023,93370094,-0.770137525,-0.03,0.75,0.555131393,12.25813248,3.50116159,-1.643558187,0
256.61,254.49,257.97,252.91,26/12/2023,86892382,1.611625881,-0.02,-1.63,2.662417232,12.33667611,3.512360475,0.833038626,1
261.44,258.35,263.34,257.52,27/12/2023,106494359,1.88223374,-0.03,-1.91,3.660809978,12.40204272,3.521653407,1.196051868,1
253.18,263.66,265.13,252.71,28/12/2023,113619943,-3.159424725,-0.04,3.12,9.705208274,12.46150689,3.530085961,-3.974816051,0
248.48,255.1,255.19,247.43,29/12/2023,100891578,-1.85638676,-0.02,1.83,3.362155552,12.48038565,3.532758929,-2.59506076,0
248.42,250.08,251.25,244.41,02/01/2024,104654163,-0.024146813,-0.01,0.01,0.000196668,12.54326999,3.541647921,-0.663787588,0
238.45,244.98,245.68,236.32,03/01/2024,121082599,-4.013364463,-0.01,4,16.02672229,12.63037467,3.553923841,-2.665523716,0
237.93,239.25,242.7,237.73,04/01/2024,102629283,-0.218075068,0.02,0.24,0.055717182,12.60662399,3.550580796,-0.551724138,0
237.49,236.86,240.12,234.9,05/01/2024,92488939,-0.18492834,0.02,0.2,0.041844971,12.69501065,3.563005845,0.265979904,1
240.45,236.14,241.25,235.3,08/01/2024,85166580,1.246368268,0.02,-1.23,1.50132429,12.78474942,3.575576795,1.825188448,1
234.96,238.11,238.96,232.04,09/01/2024,96705664,-2.283218964,0.01,2.3,5.269548896,12.86534531,3.586829423,-1.322917979,0
233.94,235.1,235.5,231.29,10/01/2024,91628502,-0.434116445,0.03,0.46,0.214333842,12.91999133,3.594438945,-0.493407061,0
227.22,230.57,230.93,225.37,11/01/2024,105873612,-2.872531418,0.03,2.9,8.437466833,13.01206131,3.607223491,-1.452921022,0
218.89,220.08,225.34,217.15,12/01/2024,123043812,-3.666050524,0.05,3.72,13.83433306,13.04545251,3.611848905,-0.540712468,0
219.91,215.1,223.49,212.18,16/01/2024,115355046,0.465987482,0.08,-0.39,0.148406588,13.03965192,3.611045821,2.236169224,1
215.55,214.86,215.67,212.01,17/01/2024,103164400,-1.982629257,0.08,2.06,4.245773104,13.13514262,3.624243731,0.321139347,1
211.88,216.88,217.45,208.74,18/01/2024,108595431,-1.702621202,0.09,1.8,3.225243876,13.2014812,3.633384263,-2.305422353,0
212.19,209.99,213.19,207.56,19/01/2024,102260343,0.146309232,0.11,-0.04,0.001562704,13.27649051,3.643691879,1.047668937,1
208.8,212.26,217.8,206.27,22/01/2024,117952527,-1.59762477,0.11,1.7,2.903968638,13.37705814,3.657466082,-1.630076321,0
209.14,211.3,215.65,207.75,23/01/2024,106605946,0.162835249,0.12,-0.04,0.00187906,13.45700539,3.668379123,-1.022243256,0
207.83,211.88,212.73,206.77,24/01/2024,123369932,-0.626374677,0.12,0.75,0.555812526,13.56050636,3.682459282,-1.911459317,0
182.63,189.7,193,180.06,25/01/2024,198076787,-12.12529471,0.12,12.25,150.0680782,13.66131794,3.696122014,-3.726937269,0
183.25,185.5,186.78,182.1,26/01/2024,107343231,0.339484203,0.22,-0.12,0.014124451,12.59564013,3.549033689,-1.212938005,0
190.93,185.63,191.48,183.67,29/01/2024,125013148,4.190995907,0.22,-3.97,15.77117473,12.69470718,3.562963258,2.855141949,1
191.59,195.33,196.36,190.61,30/01/2024,109982327,0.345676426,0.19,-0.16,0.024803906,12.67029077,3.55953519,-1.914708442,0
187.29,187,193.97,185.85,31/01/2024,103221430,-2.244376011,0.19,2.43,5.911219388,12.77145467,3.573717206,0.155080214,1
188.86,188.5,189.88,184.28,01/02/2024,91843275,0.838272198,0.21,-0.63,0.399096709,12.82677914,3.581449308,0.190981432,1
187.91,185.04,188.69,182,02/02/2024,110612672,-0.503018109,0.2,0.7,0.496197938,12.92781721,3.59552739,1.551015997,1
181.06,184.26,184.68,175.01,05/02/2024,134294447,-3.645362141,0.21,3.85,14.84199586,13.02971573,3.609669754,-1.736676435,0
185.1,177.21,186.49,177.11,06/02/2024,122675954,2.23130454,0.24,-1.99,3.969245276,13.01473821,3.607594518,4.452344676,1
187.58,188.18,189.79,182.68,07/02/2024,111535217,1.339816316,0.22,-1.12,1.248606738,13.09011732,3.618026716,-0.31884366,0
189.56,189,191.62,185.58,08/02/2024,83034043,1.055549632,0.21,-0.84,0.709863629,13.18962581,3.631752443,0.296296296,1
193.57,190.18,194.12,189.48,09/02/2024,84476347,2.115425195,0.21,-1.91,3.646380188,13.29538651,3.646283931,1.782521821,1
188.13,192.11,194.73,187.28,12/02/2024,95498597,-2.810352844,0.19,3,8.999444211,13.37785665,3.657575241,-2.071729738,0
184.02,183.99,187.26,182.11,13/02/2024,86759478,-2.184659544,0.22,2.4,5.760361625,13.41560158,3.662731437,0.016305234,1
188.71,185.3,188.89,183.35,14/02/2024,81202987,2.548636018,0.24,-2.31,5.346962541,13.48216888,3.671807305,1.840259039,1
200.45,189.16,200.88,188.86,15/02/2024,120831762,6.221185947,0.22,-6.01,36.06223133,13.55353034,3.681511964,5.968492282,1
199.95,202.06,203.17,197.4,16/02/2024,111346705,-0.249438763,0.16,0.41,0.169989464,13.3543383,3.654358808,-1.044244284,0
193.76,196.13,198.6,189.13,20/02/2024,104545762,-3.095773943,0.17,3.26,10.64269392,13.4720557,3.670429907,-1.208382195,0
194.77,193.36,199.44,191.95,21/02/2024,103844008,0.521263419,0.2,-0.33,0.105841527,13.49754544,3.673900576,0.729209764,1
197.41,194,198.32,191.36,22/02/2024,92739461,1.355444884,0.19,-1.16,1.351341115,13.61928821,3.690431981,1.757731959,1
191.97,195.31,197.57,191.5,23/02/2024,78841917,-2.755686135,0.18,2.94,8.631809649,13.73183818,3.705649495,-1.710101889,0
199.4,192.29,201.78,192,26/02/2024,111747116,3.870396416,0.21,-3.66,13.40207714,13.77906067,3.712015715,3.697540174,1
199.73,204.04,205.6,198.26,27/02/2024,108645412,0.165496489,0.18,0.01,9.61E-05,13.78258388,3.712490253,-2.112330916,0
202.04,200.42,205.3,198.44,28/02/2024,99806173,1.156561358,0.18,-0.98,0.962696729,13.91260735,3.72996077,0.808302565,1
201.88,204.18,205.28,198.45,29/02/2024,85906974,-0.079192239,0.17,0.25,0.060141681,14.03593983,3.74645697,-1.126457048,0
202.64,200.52,204.52,198.5,01/03/2024,82243119,0.376461264,0.17,-0.21,0.043287897,14.1703225,3.764348882,1.057251147,1
188.14,198.73,199.75,186.72,04/03/2024,134334869,-7.155546782,0.17,7.32,53.61066823,14.30747818,3.782522727,-5.328838122,0
180.74,183.05,184.59,177.57,05/03/2024,119660758,-3.933241203,0.24,4.17,17.40065046,13.92215279,3.731240114,-1.261950287,0
176.54,179.99,181.58,173.7,06/03/2024,107920944,-2.323780015,0.28,2.6,6.776903161,13.88771222,3.726622092,-1.916773154,0
178.65,174.35,180.04,173.7,07/03/2024,102129004,1.195196556,0.31,-0.89,0.791558096,13.95882031,3.736150466,2.466303413,1
175.34,181.5,182.73,174.7,08/03/2024,85544644,-1.852784775,0.3,2.15,4.619486192,14.09182296,3.753907691,-3.393939394,0
177.77,175.45,182.87,174.8,11/03/2024,85391528,1.385878864,0.32,-1.07,1.139413244,14.18847945,3.766759808,1.32231405,1
177.54,177.77,179.43,172.41,12/03/2024,87391684,-0.12938066,0.31,0.44,0.190813498,14.32300591,3.784574733,-0.12938066,0
169.48,173.05,176.05,169.15,13/03/2024,106524518,-4.539822012,0.31,4.85,23.54009546,14.47021625,3.803973744,-2.062987576,0
162.5,167.77,171.17,160.51,14/03/2024,126325696,-4.118480057,0.36,4.48,20.08423118,14.37474383,3.79140394,-3.141205221,0
163.57,163.16,165.18,160.76,15/03/2024,97146832,0.658461538,0.41,-0.25,0.061366293,14.31400461,3.783385337,0.25128708,1
173.8,170.02,174.72,165.9,18/03/2024,108214358,6.254203093,0.41,-5.85,34.17720609,14.46725878,3.803584991,2.223267851,1
171.32,172.36,172.82,167.42,19/03/2024,77271428,-1.426927503,0.34,1.77,3.13806447,14.25302022,3.775317235,-0.603388257,0
175.66,173,176.25,170.82,20/03/2024,83846726,2.533271072,0.36,-2.17,4.705748433,14.3751626,3.791459164,1.537572254,1
172.82,176.39,178.18,171.8,21/03/2024,73178014,-1.616759649,0.34,1.96,3.828494754,14.48260053,3.805601205,-2.023924259,0
170.83,166.69,171.2,166.3,22/03/2024,75580637,-1.151487096,0.36,1.51,2.290277534,14.60230958,3.821296846,2.483652289,1
172.63,168.76,175.24,168.73,25/03/2024,74228615,1.053679096,0.38,-0.67,0.455088609,14.74221904,3.839559746,2.29319744,1
177.67,178.58,184.25,177.38,26/03/2024,113186227,2.919538898,0.37,-2.55,6.493406876,14.90643893,3.86088577,-0.50957554,0
179.83,181.41,181.91,176,27/03/2024,81804043,1.215737041,0.34,-0.87,0.763954621,15.00426488,3.873533901,-0.870955295,0
175.79,177.45,179.57,175.3,28/03/2024,77654838,-2.246566201,0.33,2.58,6.645957077,15.17179795,3.895099222,-0.935474782,0
175.22,176.17,176.75,170.21,01/04/2024,81562127,-0.324250526,0.36,0.69,0.471076173,15.27329605,3.908106453,-0.539251859,0
166.63,164.75,167.69,163.43,02/04/2024,116650594,-4.902408401,0.37,5.27,27.80217773,15.45163605,3.93085691,1.141122914,1
168.38,164.02,168.82,163.28,03/04/2024,82950141,1.050231051,0.43,-0.62,0.378914422,15.30101969,3.911651785,2.658212413,1
171.11,170.07,177.19,168.01,04/04/2024,123161960,1.6213327,0.43,-1.19,1.426260313,15.48524321,3.935129376,0.611512906,1
164.9,169.08,170.86,160.51,05/04/2024,143157603,-3.629244346,0.41,4.04,16.33281186,15.6609805,3.957395671,-2.472202508,0
172.98,169.34,174.5,167.79,08/04/2024,104423320,4.899939357,0.46,-4.44,19.68377034,15.6524763,3.956321056,2.149521672,1
176.88,172.91,179.22,171.92,09/04/2024,103232675,2.254595907,0.41,-1.85,3.415754807,15.60079304,3.949783924,2.295992135,1
171.76,173.04,174.93,170.01,10/04/2024,84532407,-2.89461782,0.38,3.28,10.73896078,15.75904029,3.969765773,-0.739713361,0
174.6,172.55,175.88,168.51,11/04/2024,94515987,1.653469958,0.43,-1.23,1.507820747,15.82509397,3.978076667,1.188061431,1
171.05,172.34,173.81,170.36,12/04/2024,64722669,-2.033218786,0.41,2.44,5.965233593,16.01599095,4.001998369,-0.748520367,0
161.48,170.24,170.69,161.38,15/04/2024,100245310,-5.594855305,0.44,6.04,36.44566435,16.15181199,4.018931698,-5.145676692,0
157.11,156.74,158.19,153.75,16/04/2024,96999956,-2.706217488,0.52,3.23,10.43991422,15.87381402,3.984195529,0.236059717,1
155.45,157.64,158.33,153.78,17/04/2024,82439718,-1.056584559,0.57,1.63,2.644945591,15.94928485,3.993655574,-1.389241309,0
149.93,151.25,152.2,148.7,18/04/2024,96098830,-3.550981023,0.59,4.14,17.16968096,16.13666991,4.017047412,-0.872727273,0
147.05,148.97,150.94,146.22,19/04/2024,87074500,-1.920896418,0.65,2.57,6.618998843,16.12191261,4.015210157,-1.288850104,0
142.05,140.56,144.44,138.8,22/04/2024,107097564,-3.400204012,0.69,4.09,16.72266243,16.25963599,4.032323895,1.060045532,1
144.68,143.33,147.26,141.11,23/04/2024,124545104,1.851460753,0.75,-1.1,1.214827816,16.25282678,4.031479478,0.941882369,1
162.13,162.84,167.97,157.51,24/04/2024,181178020,12.06110036,0.73,-11.33,128.3299847,16.47727453,4.059220926,-0.436010808,0
170.18,158.96,170.88,158.36,25/04/2024,126427521,4.965151422,0.56,-4.4,19.39498894,14.78253649,3.844806431,7.058379467,1
168.29,168.85,172.12,166.37,26/04/2024,109815725,-1.110588788,0.49,1.6,2.572856228,14.71157569,3.835567192,-0.331655315,0
194.05,188.42,198.87,184.54,29/04/2024,243869678,15.30691069,0.52,-14.79,218.6974916,14.90124318,3.860212841,2.98800552,1
183.28,186.98,190.95,182.84,30/04/2024,127031787,-5.550115949,0.28,5.83,34.03398672,11.66638209,3.415608598,-1.978821264,0
179.99,182,185.86,179.01,01/05/2024,92829719,-1.795067656,0.38,2.17,4.721545758,11.30561428,3.362382232,-1.104395604,0
180.01,182.86,184.6,176.02,02/05/2024,89148041,0.011111728,0.41,0.4,0.16188869,11.41354983,3.378394563,-1.558569397,0
181.19,182.1,184.78,178.42,03/05/2024,75491539,0.655519138,0.42,-0.24,0.055388481,11.60107751,3.406035454,-0.499725426,0
184.76,183.8,187.56,182.2,06/05/2024,84390253,1.970307412,0.42,-1.55,2.415303864,11.79676716,3.434642217,0.522306855,1
177.81,182.4,183.26,177.4,07/05/2024,75045854,-3.761636718,0.39,4.15,17.23100095,11.95851652,3.458108807,-2.516447368,0
174.72,171.59,176.06,170.15,08/05/2024,79969488,-1.737810022,0.46,2.2,4.84009844,11.8660168,3.444708521,1.824115624,1
171.97,175.01,175.62,171.37,09/05/2024,65950292,-1.573946886,0.5,2.08,4.307473405,11.99147962,3.462871586,-1.737043598,0
168.47,173.05,173.06,167.75,10/05/2024,72627178,-2.035238704,0.54,2.57,6.627908854,12.13118883,3.48298562,-2.646633921,0
171.89,170,175.4,169,13/05/2024,67018903,2.030035021,0.59,-1.44,2.082611986,12.23310142,3.497585084,1.111764706,1
177.55,174.5,179.49,174.07,14/05/2024,86407422,3.292803537,0.56,-2.73,7.469961734,12.42462009,3.524857457,1.747851003,1
173.99,179.9,180,173.11,15/05/2024,79662993,-2.005068995,0.51,2.51,6.311095578,12.51990198,3.538347352,-3.285158421,0
174.84,174.1,175.79,171.43,16/05/2024,59812220,0.488533824,0.56,0.07,0.004602971,12.64164328,3.555508864,0.425043079,1
177.46,173.55,179.63,172.75,17/05/2024,77445845,1.498512926,0.56,-0.94,0.885061367,12.89438409,3.590875115,2.252953039,1
174.95,177.56,177.75,173.52,20/05/2024,61727425,-1.414403246,0.54,1.95,3.813973235,13.13947231,3.624841004,-1.469925659,0
186.6,175.51,186.88,174.71,21/05/2024,115266512,6.659045442,0.58,-6.08,36.96424535,13.33375354,3.651541255,6.318728278,1
180.11,182.85,183.8,178.12,22/05/2024,88313477,-3.478027867,0.45,3.93,15.42834005,12.83097712,3.582035332,-1.498496035,0
173.74,181.8,181.9,173.26,23/05/2024,71975496,-3.536727555,0.54,4.07,16.58103112,12.77451271,3.574145031,-4.433443344,0
179.24,174.84,180.08,173.73,24/05/2024,65584478,3.165649822,0.63,-2.54,6.451131007,12.68992341,3.562291876,2.516586593,1
176.75,176.4,178.25,173.16,28/05/2024,59736620,-1.38919884,0.57,1.96,3.830693726,12.83171414,3.582138208,0.198412698,1
176.19,174.19,178.15,173.93,29/05/2024,54782649,-0.316831683,0.61,0.93,0.865579592,13.0410402,3.611238043,1.148171537,1
178.79,178.58,182.67,175.38,30/05/2024,77784755,1.475679664,0.64,-0.84,0.705590747,13.33093212,3.651154902,0.117594355,1
178.08,178.5,180.32,173.82,31/05/2024,67314602,-0.397113933,0.62,1.01,1.024774439,13.63886727,3.693083708,-0.235294118,0
176.29,178.13,182.64,174.49,03/06/2024,68568920,-1.005166217,0.64,1.65,2.708234701,13.9542196,3.735534713,-1.032953461,0
174.77,174.78,177.76,174,04/06/2024,60056340,-0.862215667,0.68,1.54,2.386770575,14.24257818,3.773934046,-0.005721478,0
175,175.35,176.15,172.13,05/06/2024,57953756,0.131601533,0.72,0.59,0.350175385,14.55457312,3.815045625,-0.199600798,0
177.94,174.6,179.73,172.73,06/06/2024,69887024,1.68,0.74,-0.94,0.884820295,14.93847576,3.86503244,1.912943872,1
177.48,176.13,179.35,175.58,07/06/2024,56244932,-0.258514106,0.71,0.97,0.944271051,15.32885508,3.915208178,0.766479305,1
173.79,176.06,178.57,173.17,10/06/2024,50869682,-2.079107505,0.74,2.82,7.952926723,15.73984319,3.967347123,-1.289333182,0
170.66,173.92,174.75,167.41,11/06/2024,64761928,-1.801024225,0.82,2.62,6.89038367,15.96887015,3.996106874,-1.874425023,0
177.29,171.12,180.55,169.8,12/06/2024,90389446,3.88491738,0.9,-2.98,8.889005408,16.2439758,4.030381595,3.605656849,1
182.47,188.39,191.08,181.23,13/06/2024,118984122,2.921766597,0.81,-2.11,4.458275316,16.47381863,4.058795218,-3.142417326,0
178.01,185.8,186,176.92,14/06/2024,82038194,-2.444237409,0.74,3.19,10.15333273,16.8614168,4.106265554,-4.192680301,0
187.44,177.92,188.81,177,17/06/2024,109786083,5.297455199,0.85,-4.45,19.79403548,17.0850196,4.133402908,5.350719424,1
184.86,186.56,187.2,182.37,18/06/2024,68982265,-1.376440461,0.69,2.07,4.290827855,16.99160526,4.122087488,-0.911234991,0
181.57,184.68,185.21,179.66,20/06/2024,55893139,-1.779725197,0.77,2.55,6.495850189,17.44520445,4.176745677,-1.683993935,0
183.01,182.3,183.95,180.69,21/06/2024,63029482,0.793082558,0.86,0.07,0.004939864,17.85073609,4.225013147,0.38946791,1
182.58,184.97,188.8,182.55,24/06/2024,61992070,-0.234959838,0.87,1.1,1.21226662,18.53711287,4.305474755,-1.292101422,0
187.35,184.4,187.97,182.01,25/06/2024,63678265,2.612553401,0.91,-1.7,2.898309606,19.23010672,4.385214558,1.59978308,1
196.37,186.54,197.76,186.36,26/06/2024,95737066,4.814518281,0.84,-3.98,15.80334578,19.91059826,4.462129342,5.269647261,1
197.42,195.17,198.72,194.05,27/06/2024,72746521,0.534704894,0.67,0.13,0.01732651,20.08917446,4.482094874,1.152841113,1
197.88,199.55,203.2,195.26,28/06/2024,95438068,0.233005774,0.67,0.44,0.192995482,21.00153118,4.582742758,-0.836882987,0
209.86,201.02,213.23,200.85,01/07/2024,135691395,6.054174247,0.69,-5.36,28.73963821,21.99241384,4.689607002,4.397572381,1
231.26,218.89,231.3,218.06,02/07/2024,205047920,10.19727437,0.43,-9.77,95.49361126,21.65505262,4.653498965,5.651240349,1
246.39,234.56,248.35,234.25,03/07/2024,166561471,6.542419787,-0.09,-6.63,43.9774401,17.76881269,4.215306951,5.043485675,1
251.52,249.81,252.37,242.46,05/07/2024,154501152,2.082065019,-0.46,-2.54,6.449636519,16.31277783,4.038908,0.684520235,1
252.94,247.71,259.44,244.57,08/07/2024,157219580,0.56456743,-0.61,-1.17,1.372423723,16.89296262,4.11010494,2.111339873,1
262.33,251,265.61,250.3,09/07/2024,160742516,3.712342848,-0.68,-4.39,19.29405072,17.8629963,4.226463805,4.513944223,1
263.26,262.8,267.59,257.86,10/07/2024,128519430,0.354515305,-0.97,-1.33,1.762269842,17.76759267,4.215162235,0.175038052,1
241.03,263.3,271,239.65,11/07/2024,221707273,-8.44412368,-1.07,7.38,54.40997978,18.91083001,4.348658415,-8.458032662,0
248.23,235.8,251.84,233.09,12/07/2024,155955773,2.987180019,-0.5,-3.49,12.16323523,16.18012619,4.022452757,5.271416455,1
252.64,255.97,265.6,251.73,15/07/2024,146912920,1.776578173,-0.79,-2.57,6.592636919,16.5148671,4.063848804,-1.300933703,0
256.56,255.31,258.62,245.8,16/07/2024,126332470,1.551614946,-1.02,-2.58,6.636132634,17.41688802,4.173354529,0.489600877,1
248.5,252.73,258.47,246.18,17/07/2024,115584810,-3.141565326,-1.28,1.86,3.457755603,18.49496356,4.30057712,-1.673722945,0
249.23,251.09,257.14,247.2,18/07/2024,110869037,0.293762575,-1.08,-1.37,1.874742057,20.16576445,4.49063074,-0.740770242,0
239.2,247.79,249.44,236.83,19/07/2024,87403903,-4.024395137,-1.25,2.78,7.716139417,22.45214225,4.738369155,-3.466645143,0
251.51,244.21,253.21,243.75,22/07/2024,101225430,5.14632107,-0.85,-6,35.95314939,24.55728551,4.9555308,2.98923058,1
246.38,253.6,255.76,245.63,23/07/2024,111928192,-2.039680331,-1.85,0.19,0.036312277,22.65797486,4.760039376,-2.847003155,0
215.99,225.42,225.99,214.71,24/07/2024,167942939,-12.33460508,-1.81,10.52,110.7460331,27.18230738,5.213665445,-4.18330228,0
220.25,216.8,226,216.23,25/07/2024,100636466,1.972313533,0.82,-1.15,1.328085615,6.291375941,2.508261538,1.591328413,1
